{
    "elapsed time": 1347.5146610736847,
    "validation log10": -2.174859589372808,
    "PCC": 0.8229,
    "MSE mean relu": 0.010792889332041757
}