{
    "elapsed time": 2040.571313381195,
    "validation log10": -2.2028480727922166,
    "PCC": 0.8786,
    "MSE mean relu": 0.006763489064878374
}