{
    "elapsed time": 1329.0602777004242,
    "validation log10": -2.118982970822203,
    "PCC": 0.9044,
    "MSE mean relu": 0.009129642824348269
}