{
    "elapsed time": 2877.0920901298523,
    "validation log10": -2.344997473936334,
    "PCC": 0.923,
    "MSE mean relu": 0.002657776509703041
}