{
    "elapsed time": 1424.59437417984,
    "validation log10": -2.1258518540214686,
    "PCC": 0.8268,
    "MSE mean relu": 0.0038865295700032895
}