{
    "elapsed time": 2801.8703870773315,
    "validation log10": -2.1399009544398284,
    "PCC": 0.9075,
    "MSE mean relu": 0.005524947849030818
}