{
    "elapsed time": 999.8994057178497,
    "validation log10": -1.8150343183611402,
    "PCC": 0.4808,
    "MSE mean relu": 0.07053516914879336
}