{
    "elapsed time": 2523.885934114456,
    "validation log10": -2.2264827630354147,
    "PCC": 0.882,
    "MSE mean relu": 0.001799238977137601
}