{
    "elapsed time": 2301.831686735153,
    "validation log10": -2.245992416646163,
    "PCC": 0.8504,
    "MSE mean relu": 0.01191219626718636
}