{
    "elapsed time": 4139.126812696457,
    "validation log10": -2.306464857439849,
    "PCC": 0.8162,
    "MSE mean relu": 0.00920725580863616
}