{
    "elapsed time": 1038.2891845703125,
    "validation log10": -1.996035360376338,
    "PCC": 0.4273,
    "MSE mean relu": 0.07016562236505158
}