{
    "elapsed time": 2623.2073559761047,
    "validation log10": -2.2281750147344175,
    "PCC": 0.8862,
    "MSE mean relu": 0.002538844748911603
}