{
    "elapsed time": 3738.9361250400543,
    "validation log10": -2.300986701988699,
    "PCC": 0.7979,
    "MSE mean relu": 0.0018928322759583888
}