{
    "elapsed time": 1193.8707377910614,
    "validation log10": -2.010253909766608,
    "PCC": 0.8006,
    "MSE mean relu": 0.022386651491601812
}