{
    "elapsed time": 2380.414572954178,
    "validation log10": -2.216889000214027,
    "PCC": 0.8804,
    "MSE mean relu": 0.0033837079531281863
}