{
    "elapsed time": 2738.889858484268,
    "validation log10": -2.339939040630718,
    "PCC": 0.8651,
    "MSE mean relu": 0.0013900476068492626
}