{
    "elapsed time": 3161.1775410175323,
    "validation log10": -2.3413548770547448,
    "PCC": 0.7946,
    "MSE mean relu": 0.007160349676794427
}