{
    "elapsed time": 1700.433863401413,
    "validation log10": -2.315359729394485,
    "PCC": 0.8958,
    "MSE mean relu": 0.004605594870026685
}