{
    "elapsed time": 1748.4792585372925,
    "validation log10": -2.275882308661785,
    "PCC": 0.9136,
    "MSE mean relu": 0.001260059564344795
}