{
    "elapsed time": 1985.9468343257904,
    "validation log10": -2.22790623870538,
    "PCC": 0.8872,
    "MSE mean relu": 0.00121499824010602
}