{
    "elapsed time": 1148.32426071167,
    "validation log10": -2.0452112281749755,
    "PCC": 0.8296,
    "MSE mean relu": 0.018659214681204177
}