{
    "elapsed time": 1626.6387922763824,
    "validation log10": -2.2215550386811733,
    "PCC": 0.8674,
    "MSE mean relu": 0.003983620865633197
}