{
    "elapsed time": 1662.332752943039,
    "validation log10": -2.2056464118530967,
    "PCC": 0.8131,
    "MSE mean relu": 0.007908857801492981
}