{
    "elapsed time": 5176.773881912231,
    "validation log10": -2.3464973354342584,
    "PCC": 0.8187,
    "MSE mean relu": 0.004467408697825952
}