{
    "elapsed time": 59730.78084897995,
    "validation log10": -2.2673220595316472,
    "PCC": 0.8723,
    "MSE mean relu": 0.0019422912075750401
}