{
    "elapsed time": 2036.5914280414581,
    "validation log10": -2.2813694816170784,
    "PCC": 0.8071,
    "MSE mean relu": 0.015071959685968627
}