{
    "elapsed time": 2541.5564296245575,
    "validation log10": -2.1681312471745136,
    "PCC": 0.8996,
    "MSE mean relu": 0.0029315473179296185
}