{
    "elapsed time": 1565.8324792385101,
    "validation log10": -2.251878758676784,
    "PCC": 0.8931,
    "MSE mean relu": 0.005985753699268336
}