{
    "elapsed time": 2160.5432562828064,
    "validation log10": -2.288428798504914,
    "PCC": 0.9191,
    "MSE mean relu": 0.004111044876781594
}