{
    "elapsed time": 2114.56459069252,
    "validation log10": -2.2659634306499763,
    "PCC": 0.8787,
    "MSE mean relu": 0.0039474607308344145
}