{
    "elapsed time": 2464.501129627228,
    "validation log10": -2.249415365150801,
    "PCC": 0.8651,
    "MSE mean relu": 0.0026306632757477875
}