{
    "elapsed time": 1577.795172214508,
    "validation log10": -2.250549006724563,
    "PCC": 0.8961,
    "MSE mean relu": 0.0032378091591435012
}