{
    "elapsed time": 2413.850768327713,
    "validation log10": -2.1494337623704993,
    "PCC": 0.9178,
    "MSE mean relu": 0.0023141151717225197
}