{
    "elapsed time": 1505.78227353096,
    "validation log10": -2.1389753006153045,
    "PCC": 0.9075,
    "MSE mean relu": 0.006286364979109795
}