{
    "elapsed time": 5972.814893245697,
    "validation log10": -2.4289532975237043,
    "PCC": 0.8284,
    "MSE mean relu": 0.002275713030961584
}