{
    "elapsed time": 2305.41689991951,
    "validation log10": -2.267118482941145,
    "PCC": 0.8715,
    "MSE mean relu": 0.0024121000263585967
}