{
    "elapsed time": 1268.3445222377777,
    "validation log10": -2.1494933223097217,
    "PCC": 0.8767,
    "MSE mean relu": 0.004614141957357811
}