{
    "elapsed time": 1966.065507888794,
    "validation log10": -2.2559807984944533,
    "PCC": 0.8149,
    "MSE mean relu": 0.02681863576029606
}