{
    "elapsed time": 2667.365763902664,
    "validation log10": -2.327854972841572,
    "PCC": 0.8759,
    "MSE mean relu": 0.0005582342751790678
}