{
    "elapsed time": 1441.296005487442,
    "validation log10": -2.185464414054546,
    "PCC": 0.9177,
    "MSE mean relu": 0.0029034367858567904
}