{
    "elapsed time": 4915.279134988785,
    "validation log10": -2.4111264971362223,
    "PCC": 0.8293,
    "MSE mean relu": 0.0011193792640923639
}