{
    "elapsed time": 2567.2790842056274,
    "validation log10": -2.219953986521169,
    "PCC": 0.9008,
    "MSE mean relu": 0.00567779142145569
}