{
    "elapsed time": 2210.1159086227417,
    "validation log10": -2.2972178009752726,
    "PCC": 0.8803,
    "MSE mean relu": 0.0013364308915448436
}