{
    "elapsed time": 1150.1064178943634,
    "validation log10": -1.917799491708898,
    "PCC": 0.7493,
    "MSE mean relu": 0.012010846707973808
}