{
    "elapsed time": 1003.5844943523407,
    "validation log10": -1.6661826207889383,
    "PCC": 0.6415,
    "MSE mean relu": 0.04032334694266491
}