{
    "elapsed time": 5589.128491163254,
    "validation log10": -2.361369421146198,
    "PCC": 0.7911,
    "MSE mean relu": 0.003191187648898284
}