{
    "elapsed time": 1890.220567703247,
    "validation log10": -2.1957841819325745,
    "PCC": 0.9054,
    "MSE mean relu": 0.003194799954956143
}