{
    "elapsed time": 1819.834926366806,
    "validation log10": -2.1329451057618045,
    "PCC": 0.8895,
    "MSE mean relu": 0.012347200519238585
}