{
    "elapsed time": 1740.0189204216003,
    "validation log10": -2.2273056925677177,
    "PCC": 0.9015,
    "MSE mean relu": 0.005043541307271813
}