{
    "elapsed time": 1918.9160380363464,
    "validation log10": -2.2206241463374745,
    "PCC": 0.8795,
    "MSE mean relu": 0.0013173312291067613
}