{
    "elapsed time": 1121.7130279541016,
    "validation log10": -1.8848448985954867,
    "PCC": 0.7615,
    "MSE mean relu": 0.027165774903548254
}