{
    "elapsed time": 2408.7606749534607,
    "validation log10": -2.394299796314403,
    "PCC": 0.8799,
    "MSE mean relu": 0.0008238334422934551
}