{
    "elapsed time": 1060.9379284381866,
    "validation log10": -1.79569748842504,
    "PCC": 0.5789,
    "MSE mean relu": 0.03445875955120839
}