{
    "elapsed time": 2261.032481908798,
    "validation log10": -2.236361057250796,
    "PCC": 0.902,
    "MSE mean relu": 0.003777834852702934
}