{
    "elapsed time": 1405.0296120643616,
    "validation log10": -2.1393022244113102,
    "PCC": 0.8701,
    "MSE mean relu": 0.006247438525345969
}