{
    "elapsed time": 1841.8648853302002,
    "validation log10": -2.135105552937287,
    "PCC": 0.9248,
    "MSE mean relu": 0.004733769575931262
}